{
  "project_info": {
    "project_number": "705363165359",
    "project_id": "event-app-58fcc",
    "storage_bucket": "event-app-58fcc.appspot.com"
  },
  "client": [
    {
      "client_info": {
        "mobilesdk_app_id": "1:705363165359:android:ff985c7f4e2125e296d45a",
        "android_client_info": {
          "package_name": "com.example.apppageadjustment"
        }
      },
      "oauth_client": [
        {
          "client_id": "705363165359-084lebqfe8mj6fib034nifrtua5mhatv.apps.googleusercontent.com",
          "client_type": 3
        }
      ],
      "api_key": [
        {
          "current_key": "AIzaSyAD5RNASYJBVRWkESL7C0sf7rmXNGxnTc0"
        }
      ],
      "services": {
        "appinvite_service": {
          "other_platform_oauth_client": [
            {
              "client_id": "705363165359-084lebqfe8mj6fib034nifrtua5mhatv.apps.googleusercontent.com",
              "client_type": 3
            }
          ]
        }
      }
    }
  ],
  "configuration_version": "1"
}